{
  "holdout_base_rate": 0.8243737686462145,
  "n_holdout": 7106,
  "n_train_real": 27502,
  "n_synthetic": 23091,
  "variants": {
    "real": {
      "roc_auc": 0.6566798444599102,
      "pr_auc": 0.8744016874699749,
      "brier": 0.13920039859665218,
      "log_loss": 0.4469437758297698,
      "mean_predicted_p": 0.8313576429546985
    },
    "gan_balanced": {
      "roc_auc": 0.6383899455927025,
      "pr_auc": 0.8645994110217985,
      "brier": 0.1855920664513485,
      "log_loss": 0.5617338787555767,
      "mean_predicted_p": 0.612962781421924
    }
  }
}