{
  "holdout_accuracy": 0.8250773993808049,
  "holdout_roc_auc": 0.6566798444599102,
  "holdout_pr_auc": 0.8744016874699749,
  "holdout_brier": 0.13920039859665218,
  "holdout_log_loss": 0.4469437758297698,
  "cv_roc_auc_mean": 0.6010592065380651,
  "cv_roc_auc_std": 0.03962317202231408,
  "base_rate": 0.830039297272307,
  "n_train": 27502,
  "n_test": 7106,
  "model_type": "xgb",
  "params": {
    "n_estimators": 300,
    "max_depth": 4,
    "learning_rate": 0.14947304378701945,
    "min_child_weight": 7,
    "subsample": 0.6779101689671728,
    "colsample_bytree": 0.8531852340112419,
    "reg_lambda": 0.10488531027419924,
    "reg_alpha": 0.09060419690194968,
    "gamma": 0.00914288673903713
  }
}